{
  "savedAt": "2026-06-14T13:59:04.069Z",
  "totalFights": 231,
  "minEdge": 5,
  "BET_DOG": {
    "roi": 3.4000000000000004
  },
  "BET_FAV": {
    "roi": 6.4637031058861085
  },
  "combined": {
    "totalSignals": 196,
    "winRate": 64,
    "roiPerBet": 5
  }
}